order_date,article,product_name,status,price
18-06-2026,560979040,Таисия Павловна Федорова,Доставлен,28100.45122666417
18-06-2026,592616397,Захаров Никанор Викторович,Оформлен,11815.460640242698
18-06-2026,828131438,Копылова Алевтина Семеновна,В пути,8391.766051030812
18-06-2026,724986652,Исидор Харлампьевич Лукин,Доставлен,90432.30036413066
18-06-2026,761668111,Ксения Романовна Комарова,Оформлен,99802.59109530291
18-06-2026,657918299,Поликарп Владленович Калашников,Оформлен,82145.36685481372
18-06-2026,592616397,Маргарита Игоревна Логинова,Оформлен,44229.634749133504
18-06-2026,482922660,Виктория Павловна Николаева,В пути,70707.37871428148
18-06-2026,276960388,Красильников Савватий Феоктистович,В пути,95620.45260943433
18-06-2026,341781440,Абрамов Емельян Фёдорович,В пути,6137.216899113648
18-06-2026,148822527,Жанна Тимофеевна Захарова,Доставлен,59830.066557162856
18-06-2026,784212533,Чернов Изяслав Гордеевич,Доставлен,97731.4851148155
18-06-2026,245603434,Ермакова Александра Григорьевна,Оформлен,98379.37906880629
18-06-2026,683959364,Ипат Харитонович Дьячков,Оформлен,87961.63606985897
18-06-2026,580567038,Ильин Лазарь Валентинович,В пути,48830.132426517666
18-06-2026,706032323,Чернов Ермил Всеволодович,Оформлен,63156.17280470401
18-06-2026,983237692,Олег Анатольевич Воробьев,Оформлен,12745.423110219783
18-06-2026,320131656,Никита Гаврилович Рыбаков,Доставлен,4432.423167994699
18-06-2026,284306522,Татьяна Геннадиевна Хохлова,Доставлен,37945.62159425978
18-06-2026,761668111,Арсений Филатович Афанасьев,Доставлен,6090.027824292435
18-06-2026,482922660,г-н Комиссаров Наркис Августович,Доставлен,43279.56061618481
18-06-2026,320131656,Королев Авксентий Егорович,Оформлен,18545.215154097194
18-06-2026,596988919,Самсонов Творимир Венедиктович,В пути,1601.0461474218832
18-06-2026,284306522,Морозов Марк Яковлевич,Доставлен,76828.57510739943
18-06-2026,138536627,Гедеон Ефстафьевич Медведев,В пути,12503.629484737443
18-06-2026,832571602,Вишняков Никита Ефимович,Оформлен,28355.652476086398
18-06-2026,658880482,Степан Эдгардович Силин,Доставлен,2872.856623045466
18-06-2026,219609837,Гущин Тарас Феликсович,В пути,92067.09337377081
18-06-2026,146182851,Александра Макаровна Горбачева,Оформлен,18405.53026237518
18-06-2026,245603434,Афанасьева Феврония Ниловна,Доставлен,58069.27042935606
18-06-2026,245603434,Октябрина Валентиновна Калинина,Доставлен,21825.04215923291
18-06-2026,138536627,Харлампий Бенедиктович Евдокимов,В пути,52774.02132577729
18-06-2026,482922660,Рубен Викторович Ларионов,Оформлен,53928.59576256404
18-06-2026,482922660,Михаил Анатольевич Чернов,В пути,93995.43219447033
18-06-2026,469459146,Пантелеймон Фокич Волков,В пути,44654.01036760159
18-06-2026,560979040,Петров Милий Гертрудович,Оформлен,44680.9453532406
18-06-2026,114504412,Фотий Андреевич Пономарев,Оформлен,85664.52112610723
18-06-2026,368530528,Элеонора Кузьминична Носова,Оформлен,75849.83920545867
18-06-2026,832571602,Кузнецов Ермил Валентинович,В пути,18856.03264764471
18-06-2026,867111104,Елизар Игоревич Мясников,Доставлен,6410.295335494506
18-06-2026,215508801,Филатов Каллистрат Григорьевич,В пути,97927.02804040845
18-06-2026,791028594,Блохина Антонина Альбертовна,В пути,85386.69855881426
18-06-2026,180278671,г-жа Лукина Тамара Анатольевна,Доставлен,89741.97639837611
18-06-2026,580567038,Сергеев Платон Демьянович,Оформлен,64005.71004466513
18-06-2026,764145802,Людмила Валериевна Прохорова,В пути,38318.20633870063
18-06-2026,148822527,Лидия Кирилловна Муравьева,В пути,20785.225303993324
18-06-2026,509493509,Карпова Юлия Кузьминична,В пути,4048.470435133243
18-06-2026,138536627,Глафира Эдуардовна Николаева,Доставлен,7572.552318706647
18-06-2026,724811204,Олимпиада Константиновна Архипова,Оформлен,9823.663589451
18-06-2026,764145802,Евсеев Валентин Юлианович,Доставлен,78534.91121287226
18-06-2026,769034649,Яковлева Анжелика Семеновна,Оформлен,87455.09472174778
18-06-2026,970456354,Гусев Эраст Артурович,В пути,64920.03095673797
18-06-2026,889223551,Ситников Аникита Егорович,В пути,36590.7268368005
18-06-2026,955059478,Герасим Бориславович Васильев,Оформлен,49834.185540850616
18-06-2026,146182851,Самсон Богданович Михеев,Доставлен,8177.158892258591
18-06-2026,571048485,Варфоломей Глебович Носов,В пути,60402.207377248174
18-06-2026,281996192,Макаров Доброслав Ааронович,Оформлен,24339.309147781976
18-06-2026,995594378,Тарасов Лукьян Евстигнеевич,Доставлен,90555.64409933946
18-06-2026,489733109,Нестерова Иванна Эдуардовна,Оформлен,51591.96781914362
18-06-2026,435554374,Аким Фёдорович Молчанов,Оформлен,17237.608076018845
18-06-2026,761668111,Сысоева Октябрина Святославовна,В пути,58657.828521738484
18-06-2026,194897856,Радим Изотович Самсонов,Доставлен,92143.90469130107
18-06-2026,146182851,Ипат Давидович Брагин,Оформлен,24539.258042097015
18-06-2026,138536627,Бронислав Филимонович Осипов,Оформлен,57597.910584636724
18-06-2026,345672245,Суворов Гурий Феликсович,Доставлен,45256.783673748534
18-06-2026,791028594,Сафонова Ирина Матвеевна,Доставлен,80577.24245557371
18-06-2026,341781440,г-н Горбачев Игнатий Ермолаевич,В пути,88650.53945662423
18-06-2026,143789809,Мухин Юрий Федотович,В пути,45936.52618507374
18-06-2026,524396013,Евгения Семеновна Воронова,Оформлен,71526.13368578476
18-06-2026,657918299,Прасковья Сергеевна Петухова,В пути,26702.133035356906
18-06-2026,832571602,Анжелика Кирилловна Савельева,В пути,22112.31652280216
18-06-2026,858149201,Андреева Ирина Никифоровна,Доставлен,4974.678521376736
18-06-2026,482026027,Бобылева Светлана Геннадиевна,В пути,64857.75803913478
18-06-2026,560979040,Алла Болеславовна Петухова,Доставлен,98014.68328937961
18-06-2026,345672245,Максимов Денис Демидович,В пути,95426.92064474862
18-06-2026,706032323,Вера Рудольфовна Красильникова,Оформлен,39418.27225311275
18-06-2026,281996192,Семен Аверьянович Савин,Доставлен,14190.75796107799
18-06-2026,143946419,Абрамов Никандр Витальевич,Оформлен,64644.83724192683
18-06-2026,187875174,Лаврентьева Александра Дмитриевна,Доставлен,26006.908432130414
18-06-2026,146182851,Олимпиада Оскаровна Селиверстова,Доставлен,61072.804620832365
18-06-2026,921003839,г-жа Колесникова Жанна Степановна,Доставлен,35313.8143893554
18-06-2026,381732894,Елисей Анатольевич Муравьев,В пути,19839.555572767866
18-06-2026,328798264,Кирилл Терентьевич Потапов,В пути,41405.151591623275
18-06-2026,560979040,Селиверстов Никодим Фадеевич,Доставлен,56384.30021147367
18-06-2026,683959364,Белов Касьян Григорьевич,Оформлен,1434.9277217985245
18-06-2026,636280264,Раиса Яковлевна Лобанова,Доставлен,52575.22396361922
18-06-2026,596988919,Бобров Селиван Бенедиктович,В пути,32577.156020283892
18-06-2026,601043960,Феликс Исидорович Лыткин,В пути,69207.2195813105
18-06-2026,414676753,Вышеслав Адрианович Евсеев,В пути,5171.145239000387
18-06-2026,636280264,Януарий Антонович Шарапов,Доставлен,39555.45128580942
18-06-2026,235950780,Наталья Михайловна Стрелкова,Доставлен,89857.892134226
18-06-2026,261636666,Викторин Матвеевич Блинов,Оформлен,78412.72995074064
18-06-2026,235950780,Мстислав Виленович Цветков,Доставлен,75102.84790031188
18-06-2026,529028395,Бобров Ярополк Димитриевич,Оформлен,66616.60111604398
18-06-2026,228272886,Людмила Андреевна Егорова,В пути,49695.267112234826
18-06-2026,341781440,Комиссаров Кир Демидович,Оформлен,44324.50957059832
18-06-2026,571048485,Громова Галина Рудольфовна,Оформлен,24863.054727208902
18-06-2026,148822527,Крюкова Екатерина Владиславовна,В пути,81572.83282381903
18-06-2026,580567038,Изяслав Игоревич Сысоев,Доставлен,80097.61003331907
18-06-2026,381732894,Аким Игнатович Волков,Оформлен,41590.36602294952
18-06-2026,706032323,Будимир Иларионович Мельников,В пути,61539.48312237629
18-06-2026,995594378,тов. Щербакова Клавдия Георгиевна,Доставлен,89777.44853852254
18-06-2026,148822527,Новикова Октябрина Георгиевна,В пути,20556.571509381258
18-06-2026,341781440,Мокей Якубович Горбачев,Оформлен,18219.201418562643
18-06-2026,482922660,Евсеев Станислав Валентинович,Оформлен,84426.32042729713
18-06-2026,543241665,Ефим Андреевич Алексеев,Доставлен,1253.9204893329884
18-06-2026,921003839,Лихачева Людмила Харитоновна,В пути,93203.12065080157
18-06-2026,571048485,Куликова Маргарита Кирилловна,Доставлен,26160.30643270376
18-06-2026,328798264,Лора Валентиновна Николаева,Оформлен,96637.26157090189
18-06-2026,138536627,Гурьева Раиса Дмитриевна,Оформлен,65818.23663624786
18-06-2026,876567305,Раиса Владимировна Маслова,Доставлен,83051.82146274546
18-06-2026,245603434,Майя Борисовна Белякова,В пути,92736.43436680485
18-06-2026,482026027,Епифан Феоктистович Васильев,В пути,80373.48108743815
18-06-2026,468004969,Елисей Елизарович Фадеев,В пути,2248.878252586458
18-06-2026,596988919,Назаров Егор Терентьевич,В пути,49809.66164294554
18-06-2026,234189725,Александр Абрамович Шаров,Доставлен,64953.004439681645
18-06-2026,368530528,Иванна Васильевна Андреева,Оформлен,49827.06436346183
18-06-2026,832571602,Лидия Ждановна Пономарева,Оформлен,49395.875245979885
18-06-2026,761668111,Эраст Елисеевич Щербаков,В пути,65775.52181550887
18-06-2026,389522426,Виталий Марсович Мартынов,Доставлен,66211.05148517963
18-06-2026,537839130,тов. Дроздова Дарья Викторовна,Доставлен,23075.595226701756
18-06-2026,419644863,Лидия Ивановна Кабанова,В пути,60616.70623175676
18-06-2026,148822527,Святослав Валерианович Никифоров,Доставлен,79113.71681112886
18-06-2026,995594378,Ефремова Зинаида Макаровна,Доставлен,15239.120471326985
18-06-2026,468004969,Казимир Игнатьевич Евдокимов,В пути,37652.09441468559
18-06-2026,832571602,Авдеева Ксения Юрьевна,Доставлен,29241.18826526702
18-06-2026,187875174,Эмиль Адамович Михайлов,Оформлен,3312.5694557925713
18-06-2026,657918299,Вишняков Фотий Власович,Доставлен,4527.780656837411
18-06-2026,913146977,Егоров Юлий Антонович,В пути,62396.583496033454
18-06-2026,764145802,Гущина Нинель Викторовна,Оформлен,86074.89632694308
18-06-2026,114504412,Виктория Рудольфовна Зимина,Доставлен,97247.43913387846
18-06-2026,366880952,Нонна Станиславовна Маслова,Доставлен,36047.178555645434
18-06-2026,235386590,Новикова Агафья Вадимовна,Оформлен,99726.02168667519
18-06-2026,889223551,Вера Николаевна Игнатова,Оформлен,37272.57025071535
18-06-2026,436939286,Нина Филипповна Дорофеева,Доставлен,22087.525466524225
18-06-2026,765546493,Одинцова Валерия Владиславовна,Оформлен,15091.272755117214
18-06-2026,436939286,Тихонова Лукия Ждановна,Доставлен,33680.611415227
18-06-2026,863851691,г-жа Евсеева Марфа Станиславовна,Доставлен,14982.563269249287
18-06-2026,215508801,Маркова Прасковья Аскольдовна,Доставлен,85850.60055469676
18-06-2026,832571602,Климент Эдгардович Мартынов,Доставлен,90384.5930171444
18-06-2026,776276692,Владимир Гордеевич Зыков,Оформлен,71963.22798778066
18-06-2026,580567038,Белоусов Мина Ерофеевич,Оформлен,68264.30177713241
18-06-2026,435554374,Захаров Всемил Ааронович,В пути,16608.198658614114
18-06-2026,235386590,Ефимова София Матвеевна,Оформлен,51245.90450151807
18-06-2026,970456354,Новиков Самсон Брониславович,Оформлен,41391.245320136884
18-06-2026,367814452,Максимов Всеслав Григорьевич,В пути,92784.33227312498
18-06-2026,234189725,Евфросиния Валентиновна Новикова,Доставлен,87248.8079369692
18-06-2026,341781440,Шилова Екатерина Матвеевна,Оформлен,68513.70800579789
18-06-2026,143946419,Блохин Вацлав Измаилович,Доставлен,36410.8779108094
18-06-2026,194897856,Гедеон Филатович Суханов,В пути,39212.18353121935
18-06-2026,455083511,Юдина Варвара Николаевна,Оформлен,36449.29251898131
18-06-2026,683959364,Людмила Святославовна Селиверстова,Доставлен,56683.561682547785
18-06-2026,935943866,Сысоева Прасковья Дмитриевна,Доставлен,86546.1134074511
18-06-2026,832571602,Костина Тамара Ефимовна,В пути,41436.5024333476
18-06-2026,320131656,Вероника Михайловна Комиссарова,Доставлен,50225.36683157224
18-06-2026,548679921,Алевтина Вадимовна Меркушева,Оформлен,28606.498278571242
18-06-2026,706032323,Раиса Константиновна Новикова,Доставлен,22418.71929527805
18-06-2026,854089167,Гремислав Борисович Беляков,Доставлен,78561.24769678559
18-06-2026,863851691,Одинцова Дарья Константиновна,Доставлен,25594.000299275696
18-06-2026,529028395,Мина Ильич Шарапов,Доставлен,46228.05749138674
18-06-2026,247400428,Ираида Аскольдовна Гордеева,В пути,74792.38606339754
18-06-2026,828131438,Федотов Александр Федосеевич,В пути,52719.18567629862
18-06-2026,509493509,Емельянов Ипполит Евстигнеевич,В пути,18032.106428788746
18-06-2026,765546493,Мамонтова Агафья Тимофеевна,В пути,79512.88508091445
18-06-2026,468004969,Станимир Ефремович Дорофеев,В пути,49915.08123829176
18-06-2026,345672245,Ольга Никифоровна Евдокимова,Доставлен,93632.16067094667
18-06-2026,776276692,Денис Фролович Владимиров,В пути,26821.266129138116
18-06-2026,397474573,Фадей Федосеевич Архипов,Доставлен,1887.7889329969737
18-06-2026,138536627,Алла Олеговна Беспалова,Оформлен,24120.918950051462
18-06-2026,341781440,Венедикт Харлампьевич Силин,В пути,25238.811953325432
18-06-2026,529028395,Милован Трифонович Носов,В пути,72228.67395329416
18-06-2026,596988919,Яковлев Олег Эдгарович,Оформлен,10657.131325133847
18-06-2026,955059478,Валерия Тимофеевна Терентьева,Оформлен,68336.31770807218
18-06-2026,580567038,Иванна Алексеевна Коновалова,В пути,40095.61729263649
18-06-2026,776276692,Макарова Алина Артемовна,Оформлен,93998.31218259782
18-06-2026,524396013,Гордей Ермолаевич Носов,Доставлен,65057.659146003
18-06-2026,935943866,Гостомысл Дмитриевич Бобылев,Доставлен,26927.249484574782
18-06-2026,657918299,Доронина Ксения Феликсовна,Доставлен,53393.93951396505
18-06-2026,228272886,Овчинникова Ираида Эльдаровна,Оформлен,49126.62819698464
18-06-2026,580567038,Лучезар Валерьянович Панфилов,В пути,44178.6932051397
18-06-2026,832571602,Артемий Витальевич Аксенов,Оформлен,31984.629458860105
18-06-2026,105136881,Глафира Аркадьевна Фролова,В пути,56778.812229848176
18-06-2026,636280264,Устин Филиппович Терентьев,В пути,43945.7556830936
18-06-2026,371160061,Полина Георгиевна Александрова,Оформлен,85538.37292914481
18-06-2026,657918299,Федор Адамович Самойлов,В пути,18048.14162689332
18-06-2026,791028594,Александра Сергеевна Симонова,В пути,73180.47999908509
18-06-2026,235386590,тов. Носова Надежда Викторовна,Оформлен,96154.96738551235
18-06-2026,858149201,Куликова Марина Натановна,Доставлен,12404.977700394547
18-06-2026,397474573,Куприян Антипович Мясников,Доставлен,52622.963792521005
18-06-2026,419644863,Федотов Григорий Евсеевич,Доставлен,54777.78777568356
18-06-2026,234189725,Носков Харитон Юльевич,Доставлен,33923.25911447403
18-06-2026,706032323,Трофим Исидорович Силин,Доставлен,66330.1897661353
18-06-2026,143789809,Фаина Яковлевна Горбачева,В пути,19478.867270068033
18-06-2026,718893363,Ангелина Артемовна Морозова,В пути,5251.543225620557
18-06-2026,913146977,Элеонора Ниловна Веселова,В пути,6550.358176697591
18-06-2026,724986652,Макарова Алевтина Петровна,В пути,56635.708247996175
18-06-2026,448000223,Татьяна Вениаминовна Стрелкова,В пути,71628.33105867707
18-06-2026,889223551,Родионов Валентин Григорьевич,Доставлен,66330.97351527258
18-06-2026,560979040,Виссарион Вячеславович Гусев,Доставлен,16044.035116304294
18-06-2026,863851691,Анисим Иосипович Орехов,Доставлен,37824.52630936256
18-06-2026,658880482,Архипова Алевтина Григорьевна,В пути,34149.84001574414
18-06-2026,368530528,Велимир Ильич Блохин,Доставлен,65120.11012013362
18-06-2026,580567038,Клавдия Богдановна Зайцева,Доставлен,92256.97703978217
18-06-2026,341781440,Глафира Руслановна Родионова,Оформлен,39942.70282233227
18-06-2026,718893363,Кудряшов Мариан Демьянович,В пути,60230.54742636335
18-06-2026,435554374,Русакова Валентина Наумовна,В пути,76989.63124253415
18-06-2026,146182851,Ермил Архипович Блохин,Оформлен,86278.8574946958
18-06-2026,995594378,Крылов Милан Гаврилович,Доставлен,32479.636530277214
18-06-2026,482026027,Авдей Ефстафьевич Сергеев,Оформлен,87125.37963216798
18-06-2026,261636666,Радислав Даниилович Казаков,В пути,92271.13156727755
18-06-2026,537839130,Клавдий Феликсович Муравьев,В пути,10413.932838314398
18-06-2026,913146977,Василиса Егоровна Мамонтова,В пути,94433.42528558445
18-06-2026,889223551,Наталья Вениаминовна Морозова,В пути,84758.0922881131
18-06-2026,828131438,Нонна Ниловна Филатова,Оформлен,42499.93930477007
18-06-2026,320131656,Борислав Еремеевич Уваров,Оформлен,75696.96501809228
18-06-2026,985234320,Епифан Жанович Морозов,Оформлен,31125.108353195734
18-06-2026,234189725,Фомин Лучезар Анатольевич,В пути,98539.48839682742
18-06-2026,935943866,Назар Владиленович Иванов,Доставлен,39126.051629679896
18-06-2026,571048485,Новиков Ананий Андреевич,Оформлен,82092.77736371345
18-06-2026,143789809,Мишин Пантелеймон Артемьевич,В пути,86944.66897857016
18-06-2026,580567038,Тамара Семеновна Воронцова,В пути,73652.33639407964
18-06-2026,683959364,Никифорова Алина Леонидовна,Доставлен,11542.742865680853
18-06-2026,935943866,Александра Дмитриевна Рябова,В пути,27397.726252354772
18-06-2026,419644863,Пестова Анжелика Филипповна,В пути,63560.09570534626
18-06-2026,276960388,Лидия Геннадьевна Меркушева,В пути,93747.29651893904
18-06-2026,828131438,Назаров Наркис Игнатович,Оформлен,87398.94822224122
18-06-2026,143946419,Любим Игнатович Давыдов,Оформлен,55417.91901191943
18-06-2026,913146977,Алина Кузьминична Лихачева,Доставлен,50071.5209959267
18-06-2026,397474573,Самуил Аксёнович Капустин,Оформлен,16963.71560991288
18-06-2026,114504412,Ульяна Робертовна Данилова,Доставлен,88991.69594814951
18-06-2026,854089167,Фомичева Светлана Эдуардовна,В пути,68214.07777937996
18-06-2026,889223551,Демьян Иларионович Журавлев,Оформлен,42158.63988944606
18-06-2026,489733109,Любосмысл Давидович Киселев,В пути,36961.23118800051
18-06-2026,509493509,Ювеналий Бориславович Одинцов,В пути,92735.58395430256
18-06-2026,261636666,Гусев Леон Артёмович,Доставлен,96125.21494208448
18-06-2026,482026027,Федосеева Прасковья Матвеевна,Доставлен,78666.62116679676
18-06-2026,903545025,Щукина Жанна Ждановна,Оформлен,96203.4062972146
18-06-2026,828131438,Шилов Александр Борисович,Оформлен,76641.2645842064
18-06-2026,832571602,Маргарита Феликсовна Евсеева,Доставлен,46183.96329220055
18-06-2026,419644863,Королев Афанасий Еремеевич,Оформлен,1125.0635245279668
18-06-2026,367814452,Беспалова Лидия Степановна,Оформлен,32789.718626295806
18-06-2026,764145802,Баранова Пелагея Геннадьевна,Доставлен,83083.13595498746
18-06-2026,537839130,Кабанов Рубен Иосифович,В пути,10415.234143305808
18-06-2026,320131656,Панфилов Клавдий Фадеевич,Оформлен,11802.606621787692
18-06-2026,465423819,Василиса Антоновна Голубева,Доставлен,37000.82862567458
18-06-2026,328798264,Антонина Константиновна Мухина,В пути,63720.745509894376
18-06-2026,219609837,Наумов Парфен Венедиктович,Доставлен,67972.86503075754
18-06-2026,935943866,Кошелев Ипатий Валерианович,Оформлен,22251.265177575486
18-06-2026,586449208,Стоян Германович Виноградов,В пути,53403.41077577098
18-06-2026,367814452,Комаров Карп Димитриевич,В пути,40649.86653294423
18-06-2026,435554374,Карпова Вероника Тимофеевна,Оформлен,58857.2878581772
18-06-2026,596988919,Герман Глебович Тимофеев,Доставлен,57843.30877197716
18-06-2026,371160061,Хохлова Таисия Петровна,В пути,83451.49281106814
18-06-2026,247400428,Давыдова Елена Владимировна,В пути,19213.30415260579
18-06-2026,935943866,Кириллова Агата Георгиевна,Оформлен,83474.05516779657
18-06-2026,455083511,Милица Никифоровна Григорьева,Оформлен,69059.25558174109
18-06-2026,469459146,Кир Виленович Стрелков,В пути,45046.927101565336
18-06-2026,228272886,Терентьева Синклитикия Ждановна,Оформлен,90365.41015100406
18-06-2026,419644863,Илья Тарасович Орлов,В пути,40998.68919980461
18-06-2026,571048485,Ульяна Семеновна Дементьева,Доставлен,74381.84223704645
18-06-2026,328798264,Белозерова Клавдия Феликсовна,Оформлен,10501.927334453554
18-06-2026,345672245,Вероника Павловна Журавлева,Доставлен,54082.74820815317
18-06-2026,203376018,Фадеева Оксана Матвеевна,Оформлен,11992.136961442598
18-06-2026,724811204,Красильникова Тамара Макаровна,Оформлен,25724.13371970986
18-06-2026,397474573,Анна Андреевна Фадеева,В пути,97152.20526571108
18-06-2026,245603434,Брагина Элеонора Эдуардовна,В пути,93263.3360549084
18-06-2026,724986652,Коновалова Алла Борисовна,Доставлен,10989.48292240866
18-06-2026,921003839,Дарья Дмитриевна Никифорова,Доставлен,5828.082042445453
18-06-2026,596755786,Зимина Алина Викторовна,Доставлен,78266.53415222558
18-06-2026,636280264,Стрелкова Эмилия Ильинична,Оформлен,63698.6679503594
18-06-2026,985234320,Ульяна Святославовна Дорофеева,Доставлен,25697.565272991233
18-06-2026,764145802,Ларионов Амвросий Герасимович,В пути,73743.66101938715
18-06-2026,389522426,Блохин Гурий Владленович,В пути,42407.40854953411
18-06-2026,146182851,Нинель Вениаминовна Константинова,В пути,26598.117303578336
18-06-2026,889223551,Викторин Афанасьевич Ермаков,Оформлен,10324.128702015369
18-06-2026,482026027,Анжела Геннадиевна Игнатова,Оформлен,1790.0187052530384
18-06-2026,489733109,Исаев Галактион Августович,Доставлен,98056.9254138031
18-06-2026,138536627,Акулина Семеновна Баранова,В пути,94452.72225205768
18-06-2026,765546493,Тимофей Эдуардович Кузнецов,Доставлен,3124.6381734499078
18-06-2026,328798264,Таисия Вадимовна Медведева,Оформлен,25662.977813530542
18-06-2026,983237692,Игнатов Остап Денисович,Доставлен,66119.61048967349
18-06-2026,854089167,Зыков Азарий Анисимович,Доставлен,45049.667762593424
18-06-2026,732293185,Никонов Богдан Арсенович,Оформлен,6488.560946822043
18-06-2026,838416123,Клавдия Львовна Евдокимова,В пути,7972.149843368826
18-06-2026,580567038,Жданов Варлаам Харлампьевич,Оформлен,75093.09726246541
18-06-2026,235386590,тов. Игнатьев Осип Давидович,Доставлен,5526.497244853292
18-06-2026,580567038,Комаров Пров Димитриевич,Оформлен,35389.57811037136
18-06-2026,194897856,Сила Ильясович Вишняков,В пути,59541.28449260955
18-06-2026,828131438,Агафья Рубеновна Некрасова,В пути,96705.71903470859
18-06-2026,955059478,Меркушев Милан Гурьевич,Доставлен,23471.992277904843
18-06-2026,341781440,Нонна Натановна Фомичева,Оформлен,23176.78121414996
18-06-2026,381732894,Антонина Андреевна Кононова,В пути,47708.12463990788
18-06-2026,876567305,Галина Андреевна Давыдова,Оформлен,63713.70318729205
18-06-2026,436939286,Марина Николаевна Быкова,Доставлен,79016.38293503768
18-06-2026,419644863,Анжела Натановна Семенова,В пути,33896.003791292234
18-06-2026,791028594,Архипова Анастасия Артемовна,В пути,82452.23543892476
18-06-2026,724986652,Денисов Ефрем Эдгарович,В пути,65360.051197661276
18-06-2026,658880482,Глафира Кирилловна Медведева,В пути,69148.91600160631
18-06-2026,482922660,Клавдия Ильинична Мясникова,В пути,37004.81348331415
18-06-2026,706032323,Устинов Валентин Феофанович,Доставлен,6276.418903978821
18-06-2026,143789809,Ангелина Ильинична Воробьева,В пути,58078.21958883824
18-06-2026,761668111,Аристарх Всеволодович Григорьев,Доставлен,98109.80559092874
18-06-2026,765546493,Нонна Филипповна Колобова,Оформлен,40552.354703989506
18-06-2026,995594378,Калинина Алевтина Робертовна,В пути,59121.61723164012
18-06-2026,706032323,Сидорова Таисия Кирилловна,В пути,66771.11692296561
18-06-2026,328798264,Степан Германович Маслов,Доставлен,19886.209396777715
18-06-2026,284306522,Быков Авксентий Филатович,Доставлен,1862.3563373188151
18-06-2026,371160061,Фаина Феликсовна Шарова,В пути,62880.74522905731
18-06-2026,203376018,Борисов Илья Ефимьевич,В пути,91909.52247901139
18-06-2026,968709898,тов. Владимиров Дементий Арсенович,В пути,67842.35156415608
18-06-2026,448000223,Владимиров Фадей Авдеевич,Оформлен,78239.42388329575
18-06-2026,228272886,Пелагея Семеновна Голубева,Оформлен,77396.12056993954
18-06-2026,854089167,Надежда Владимировна Субботина,В пути,64676.05168318126
18-06-2026,281996192,Беспалова Ульяна Афанасьевна,В пути,37262.982962180075
18-06-2026,838416123,Ия Харитоновна Павлова,Доставлен,76793.0118176727
18-06-2026,148822527,Мухин Вышеслав Аверьянович,В пути,29432.864529019473
18-06-2026,435554374,Кошелев Виталий Феоктистович,Доставлен,53515.649799857216
18-06-2026,235386590,Всеволод Анатольевич Фадеев,Оформлен,86324.51972610764
18-06-2026,592616397,Валерьян Адамович Фадеев,Доставлен,54897.21278369088
18-06-2026,724811204,Кириллов Станимир Федосеевич,Оформлен,77959.90163802692
18-06-2026,215508801,Александрова Лора Ждановна,Доставлен,19336.51725750311
18-06-2026,543241665,Алевтина Мироновна Князева,Оформлен,88468.25706207396
18-06-2026,468004969,Копылова Валерия Филипповна,Оформлен,77588.208605665
18-06-2026,509493509,Сафонова Марфа Владимировна,В пути,93324.69398924061
18-06-2026,765546493,Регина Юльевна Максимова,Оформлен,95312.18606928638
18-06-2026,863851691,Виссарион Ермилович Гаврилов,В пути,54379.67344922469
18-06-2026,143946419,Ксения Альбертовна Большакова,Оформлен,8888.401834754803
18-06-2026,320131656,Александра Эдуардовна Сафонова,Оформлен,7532.8922269739605
18-06-2026,419644863,г-н Пахомов Мирон Эдгардович,Оформлен,46268.218573205915
18-06-2026,148822527,Регина Феликсовна Данилова,Оформлен,84246.06521426835
18-06-2026,683959364,Венедикт Валерьевич Константинов,Доставлен,42610.67700025868
18-06-2026,281996192,Соколова Тамара Геннадьевна,Доставлен,62684.81835724022
18-06-2026,105136881,Евгения Афанасьевна Моисеева,В пути,60242.877716649265
18-06-2026,187875174,Лариса Руслановна Евдокимова,Доставлен,14919.200246645887
18-06-2026,832571602,Соболева Евгения Валентиновна,Доставлен,81243.78561884747
18-06-2026,537839130,Фролова Феврония Харитоновна,Оформлен,14278.213379717201
18-06-2026,995594378,Мариан Герасимович Афанасьев,Оформлен,86842.65755089882
18-06-2026,828131438,Вера Викторовна Кабанова,Доставлен,41516.72553542703
18-06-2026,419644863,Милица Оскаровна Богданова,В пути,67596.13345444194
18-06-2026,985234320,Андреев Никанор Адрианович,Доставлен,16355.451352934988
18-06-2026,867111104,Андрей Валерианович Кириллов,Оформлен,83849.52134840535
18-06-2026,921003839,Макаров Флорентин Витальевич,В пути,53473.21026624517
18-06-2026,436939286,Полина Ивановна Логинова,Оформлен,51820.659981413366
18-06-2026,970456354,Сигизмунд Ильич Иванов,В пути,78698.54564143381
18-06-2026,284306522,Комаров Ратибор Бенедиктович,В пути,17353.68752834111
18-06-2026,455083511,Иван Гаврилович Блинов,В пути,40078.35587682365
18-06-2026,381732894,Светлана Владиславовна Колесникова,Оформлен,41374.91740022183
18-06-2026,389522426,Дарья Аркадьевна Дементьева,В пути,52236.07972852236
18-06-2026,105136881,Кирилл Иосипович Копылов,Оформлен,35245.743743310595
18-06-2026,245251768,Котов Севастьян Антонович,В пути,9843.9469871596
18-06-2026,863851691,Елизавета Вениаминовна Хохлова,В пути,8296.445643896855
18-06-2026,328798264,Овчинников Изот Давидович,В пути,79027.80492546767
18-06-2026,203376018,Евгения Олеговна Романова,В пути,26355.341036189868
18-06-2026,281996192,Вера Антоновна Русакова,Оформлен,81218.03345718024
18-06-2026,724986652,тов. Костин Андрон Глебович,В пути,80998.58970886051
18-06-2026,328798264,Молчанова Зоя Никифоровна,Оформлен,92890.18578697437
18-06-2026,524396013,Чеслав Богданович Симонов,Оформлен,8388.153014457897
18-06-2026,148822527,Анжела Кирилловна Родионова,Оформлен,5347.400602478085
18-06-2026,529028395,Измаил Еремеевич Михайлов,Оформлен,31380.98938878636
18-06-2026,596988919,Фомичев Мечислав Аверьянович,Оформлен,57037.30669015792
18-06-2026,381732894,Нестеров Никита Матвеевич,Доставлен,41261.8674714672
18-06-2026,913146977,Эмилия Афанасьевна Мартынова,Доставлен,52649.60129485329
18-06-2026,863851691,Сысоев Куприян Елизарович,В пути,8429.418179383294
18-06-2026,455083511,Селезнева Кира Юрьевна,В пути,95368.41958706154
18-06-2026,970456354,Эмилия Валентиновна Селезнева,Доставлен,44912.36360364742
18-06-2026,889223551,Агата Георгиевна Кононова,В пути,81141.55044761844
18-06-2026,889223551,Ия Артемовна Крюкова,Доставлен,84784.41660712469
18-06-2026,105136881,Алина Александровна Исакова,Доставлен,43629.43588692074
18-06-2026,146182851,Миронов Серафим Глебович,В пути,10193.429724750613
18-06-2026,381732894,Любовь Евгеньевна Захарова,Оформлен,17280.604291780295
18-06-2026,889223551,Лазарь Феоктистович Щукин,В пути,36297.828636322774
18-06-2026,970456354,Жуков Тимур Бориславович,Доставлен,60146.606028793234
18-06-2026,867111104,Уваров Нестор Харлампович,В пути,96079.53808369419
18-06-2026,769034649,Фомичев Аггей Власович,В пути,3403.4779552592336
18-06-2026,180278671,Щукина Пелагея Валентиновна,Доставлен,53735.91293024887
18-06-2026,592616397,Мясников Твердислав Владиленович,Оформлен,4414.8039372083595
18-06-2026,419644863,Михей Зиновьевич Кононов,Оформлен,68038.411196052
18-06-2026,489733109,Моисеев Игнатий Юлианович,Оформлен,86096.87230920505
18-06-2026,235950780,Никифоров Семен Адрианович,Доставлен,21595.34298828326
18-06-2026,524396013,Мария Тарасовна Зыкова,В пути,93651.36003877713
18-06-2026,983237692,Аникей Харлампович Куликов,Доставлен,42292.9391865572
18-06-2026,138536627,Аксенова Юлия Геннадиевна,В пути,77530.06076521231
18-06-2026,187875174,Василиса Ивановна Артемьева,Доставлен,38077.78817805503
18-06-2026,769034649,Фортунат Богданович Авдеев,Доставлен,67600.5834766239
18-06-2026,571048485,Ия Викторовна Казакова,В пути,93338.00771933918
18-06-2026,414676753,Синклитикия Анатольевна Савина,Доставлен,75138.76744344884
18-06-2026,765546493,Ольга Вячеславовна Бурова,В пути,89339.31637290299
18-06-2026,276960388,Шубин Каллистрат Тихонович,В пути,7741.712538134434
18-06-2026,769034649,Ираида Вениаминовна Симонова,В пути,99574.6141314364
18-06-2026,146182851,Шарапов Трофим Фокич,Доставлен,34154.92759927472
18-06-2026,468004969,Тарасов Елисей Бенедиктович,В пути,52235.61022879065
18-06-2026,968709898,Силина Татьяна Леонидовна,Оформлен,48879.75698452399
18-06-2026,586449208,Молчанова Нина Мироновна,Оформлен,40573.446574147085
18-06-2026,105136881,Соболева Жанна Тимуровна,Оформлен,60842.014697571656
18-06-2026,863851691,Лазарь Трофимович Симонов,Доставлен,43580.5654679564
18-06-2026,389522426,Дарья Анатольевна Быкова,Доставлен,21313.166392117808
18-06-2026,761668111,Прохоров Павел Исидорович,В пути,52929.302512946764
18-06-2026,724811204,Носов Максимильян Гаврилович,В пути,30563.437021532678
18-06-2026,143946419,Раиса Вячеславовна Крылова,Оформлен,82474.60155494708
18-06-2026,180278671,Воронцов Самуил Трифонович,Оформлен,70052.28500135106
18-06-2026,732293185,Калинин Изот Владленович,В пути,66902.89116965687
18-06-2026,776276692,Кириллов Елизар Гордеевич,Оформлен,43971.73891099034
18-06-2026,143789809,Михеева Лидия Макаровна,В пути,2883.903010251389
18-06-2026,968709898,Полякова Зинаида Робертовна,Оформлен,6802.985840050072
18-06-2026,469459146,Лавр Аксёнович Гаврилов,В пути,50868.459996071055
18-06-2026,247400428,Савельев Мирослав Давыдович,Доставлен,66587.23803477736
18-06-2026,105136881,г-жа Денисова Надежда Мироновна,Оформлен,27178.016179822822
18-06-2026,465423819,Волков Самуил Эдгарович,В пути,7107.915406402164
18-06-2026,215508801,Аполлон Изотович Орехов,Доставлен,18275.067842506458
18-06-2026,465423819,Александра Валериевна Ковалева,Доставлен,80912.59026221697
18-06-2026,148822527,Иванова Эмилия Алексеевна,Оформлен,81342.99045041796
18-06-2026,584041348,Агап Ааронович Харитонов,Оформлен,20881.985951675124
18-06-2026,529028395,Агафонов Нестор Власович,В пути,64676.7687822672
18-06-2026,219609837,Владислав Давидович Беспалов,В пути,14670.156880805524
18-06-2026,455083511,Ипат Даниилович Воронцов,В пути,31725.68027130837
18-06-2026,469459146,Иванов Мстислав Виленович,Оформлен,80900.08132878669
18-06-2026,419644863,Надежда Семеновна Шарапова,В пути,29367.494298511665
18-06-2026,876567305,Эдуард Геннадиевич Соболев,Оформлен,50338.60455344716
18-06-2026,105136881,Агата Архиповна Дмитриева,В пути,89884.00343848123
18-06-2026,341781440,Николаев Евсей Давидович,Оформлен,93984.61723588807
18-06-2026,748960085,Анна Геннадьевна Суворова,В пути,35162.87537351098
18-06-2026,571048485,Серафим Матвеевич Егоров,В пути,18042.501976314965
18-06-2026,245603434,Карп Августович Пахомов,В пути,64339.991810208885
18-06-2026,935943866,Кириллов Ким Валентинович,Доставлен,43164.94007696131
18-06-2026,376807004,Лобанов Милен Тарасович,В пути,11789.059071306461
18-06-2026,658880482,Яковлева Элеонора Станиславовна,Доставлен,91055.83010835762
18-06-2026,596988919,Вишнякова Таисия Болеславовна,В пути,54290.79725133339
18-06-2026,935943866,Аполлон Витальевич Мухин,В пути,76074.68862213341
18-06-2026,791028594,Комарова Маргарита Филипповна,Доставлен,94429.14824346465
18-06-2026,234189725,Брагина София Аскольдовна,Оформлен,77716.60828227243
18-06-2026,854089167,тов. Панова Светлана Натановна,Доставлен,25005.42714468271
18-06-2026,114504412,Никифорова Татьяна Олеговна,Доставлен,35460.00535420428
18-06-2026,571048485,Нинель Аркадьевна Васильева,Доставлен,34012.45904902127
18-06-2026,955059478,Гусева Александра Захаровна,Оформлен,17873.930721593213
18-06-2026,247400428,Васильева Прасковья Рудольфовна,Оформлен,78276.42095846059
18-06-2026,448000223,Воронцов Юрий Ааронович,Доставлен,60242.25048076415
18-06-2026,706032323,Ефим Бориславович Ермаков,Доставлен,5932.766937217518
18-06-2026,194897856,Регина Ждановна Зиновьева,Доставлен,91572.16264741491
18-06-2026,234189725,Осип Иосипович Миронов,Оформлен,73638.31576301884
18-06-2026,718893363,Кузьма Ааронович Калинин,В пути,52292.10387925198
18-06-2026,983237692,Александра Святославовна Маркова,Оформлен,46374.968700082514
18-06-2026,345672245,Тимофей Ярославович Игнатьев,Доставлен,16250.10977031456
18-06-2026,601043960,Кондрат Васильевич Павлов,Доставлен,98263.16649546589
18-06-2026,366880952,г-н Щукин Аверкий Федосеевич,В пути,81859.51755948004
18-06-2026,657918299,Максимова Надежда Петровна,Доставлен,58859.163101007034
18-06-2026,683959364,Шубина Алевтина Вячеславовна,Доставлен,62712.55015758211
18-06-2026,469459146,Оксана Семеновна Мамонтова,Оформлен,56831.48392323852
18-06-2026,657918299,Ермакова Лукия Сергеевна,Оформлен,44112.42012429658
18-06-2026,601043960,Михеев Любосмысл Зиновьевич,В пути,61427.01132884606
18-06-2026,509493509,Большаков Ювеналий Фадеевич,Доставлен,22027.320778333808
18-06-2026,381732894,Борисов Август Евстигнеевич,Оформлен,92175.56832906003
18-06-2026,776276692,Наталья Оскаровна Матвеева,В пути,73329.84493989169
18-06-2026,328798264,Лихачев Наркис Артурович,Оформлен,77940.66958470432
18-06-2026,832571602,Лука Валерьевич Жданов,В пути,15510.012906033353
18-06-2026,215508801,Константин Исидорович Емельянов,В пути,84797.4941401202
18-06-2026,724811204,Ершов Дмитрий Феофанович,Доставлен,46874.23161574185
18-06-2026,791028594,Елисеева Нонна Алексеевна,Оформлен,55055.7632551098
18-06-2026,983237692,Воробьев Любомир Гурьевич,В пути,9899.268893484716
18-06-2026,732293185,Август Валерианович Макаров,Доставлен,90784.33509000042
18-06-2026,114504412,Лаврентьев Остап Геннадиевич,Доставлен,37238.680383965046
18-06-2026,320131656,Евграф Юлианович Лукин,Оформлен,14743.442031001825
18-06-2026,187875174,Герман Алексеевич Константинов,В пути,48459.06676240314
18-06-2026,215508801,Авдеев Станимир Тихонович,Оформлен,99123.77984065464
18-06-2026,983237692,Лукин Лазарь Авдеевич,Оформлен,57152.46508860142
18-06-2026,828131438,Мартынов Ювеналий Авдеевич,Доставлен,96177.56567628749
18-06-2026,414676753,Максимильян Иосифович Беляев,Оформлен,12668.602215335472
18-06-2026,234189725,Жданов Эмиль Андреевич,Доставлен,8804.46834006294
18-06-2026,419644863,Носкова Анна Геннадиевна,В пути,73738.94232265346
18-06-2026,970456354,Юлия Тимуровна Доронина,Доставлен,25115.153396134992
18-06-2026,187875174,Адам Гаврилович Тарасов,В пути,40372.67472909651
18-06-2026,601043960,Ия Кирилловна Фадеева,Оформлен,10073.828449312525
18-06-2026,194897856,Наина Рудольфовна Кириллова,Оформлен,30002.195996327173
18-06-2026,228272886,Агафонов Поликарп Иосифович,Оформлен,33823.01116501474
18-06-2026,921003839,Сергеев Фирс Арсенович,Доставлен,20970.860227416357
18-06-2026,320131656,Авксентий Бориславович Ларионов,Оформлен,52508.67506742341
18-06-2026,724986652,Тихонова Евпраксия Борисовна,В пути,28688.500270493743
18-06-2026,235386590,Киселев Аркадий Фадеевич,Доставлен,11313.168844951953
18-06-2026,832571602,Андроник Данилович Крылов,В пути,2954.9138864171478
18-06-2026,194897856,Соболев Исай Ефимьевич,Оформлен,86926.2883030864
18-06-2026,596988919,Голубев Юрий Бориславович,В пути,64852.976655109516
18-06-2026,469459146,Ольга Валериевна Евсеева,Оформлен,50532.11761921973
18-06-2026,657918299,Измаил Антипович Виноградов,Оформлен,19366.38418305407
18-06-2026,995594378,Тимофеев Мартын Трифонович,Доставлен,20746.257367708888
18-06-2026,148822527,Евдокия Тарасовна Петрова,В пути,62431.29642463132
18-06-2026,203376018,Ульян Феодосьевич Щербаков,Доставлен,21966.05387646424
18-06-2026,455083511,Станимир Владиславович Морозов,Доставлен,86703.37332539639
18-06-2026,138536627,Голубева Виктория Рубеновна,В пути,89530.49483616256
18-06-2026,592616397,Лора Григорьевна Гордеева,Оформлен,57944.81038274968
18-06-2026,791028594,Пелагея Борисовна Медведева,Доставлен,62933.64541613761
18-06-2026,601043960,Галкина Наина Константиновна,В пути,25563.573363097144
18-06-2026,601043960,Фортунат Федосеевич Кузнецов,В пути,20027.162164831927
18-06-2026,281996192,Денисов Селиверст Арсенович,Доставлен,61292.08166890226
18-06-2026,584041348,Терентий Харлампьевич Фадеев,Доставлен,11393.122776128714
18-06-2026,867111104,Беляев Лукьян Игоревич,В пути,73189.86167560122
18-06-2026,235386590,Титов Орест Иосипович,В пути,23994.100401794458
18-06-2026,489733109,Аггей Егорович Миронов,В пути,8181.293811217555
18-06-2026,235950780,Волков Милен Елизарович,Доставлен,11133.874613753303
18-06-2026,203376018,Щербаков Мстислав Чеславович,Доставлен,96437.42852666967
18-06-2026,863851691,Мина Владленович Волков,В пути,73803.4278905108
18-06-2026,194897856,Клавдий Афанасьевич Горбачев,В пути,59652.186825164776
18-06-2026,455083511,Артемий Владиславович Михеев,В пути,30920.229256295745
18-06-2026,968709898,Александра Вячеславовна Павлова,Оформлен,88867.24160775846
18-06-2026,228272886,Крылова Евдокия Петровна,Оформлен,31453.92642267497
18-06-2026,566560487,Морозова Лора Альбертовна,Оформлен,33511.40771165124
18-06-2026,791028594,Чернов Леонтий Гавриилович,В пути,89150.01002597291
18-06-2026,389522426,Мухин Мирослав Федотович,В пути,87691.59199552533
18-06-2026,968709898,Щукина Таисия Тимуровна,Доставлен,1407.0184110821115
18-06-2026,657918299,Надежда Владиславовна Дементьева,В пути,37177.78008569673
18-06-2026,921003839,Наталья Даниловна Брагина,Доставлен,83229.86738323592
18-06-2026,863851691,Ильина Евгения Михайловна,В пути,14491.003396032087
18-06-2026,537839130,Большакова Марфа Никифоровна,Оформлен,23490.838745628
18-06-2026,469459146,Наумова Элеонора Кузьминична,Оформлен,4686.926508618545
18-06-2026,397474573,Павлова Эмилия Владиславовна,Оформлен,42334.485925464855
18-06-2026,586449208,Фёкла Ефимовна Филиппова,В пути,59420.34783991263
18-06-2026,482922660,Комаров Архип Зиновьевич,Оформлен,64817.399596632386
18-06-2026,732293185,Устин Ефстафьевич Никонов,Оформлен,26104.578960833303
18-06-2026,724811204,Ипполит Валентинович Захаров,Оформлен,53042.66311682108
18-06-2026,784212533,Голубева Вероника Владимировна,В пути,99508.04880968695
18-06-2026,858149201,Уваров Гаврила Алексеевич,Оформлен,61251.2038109318
18-06-2026,376807004,Орлова Таисия Тимуровна,Оформлен,65941.84130206535
18-06-2026,187875174,Демид Изотович Федосеев,В пути,77840.67446714928
18-06-2026,566560487,Никитин Ювеналий Жанович,В пути,15562.745370024577
18-06-2026,863851691,Адам Авдеевич Громов,Оформлен,61835.39803281837
18-06-2026,580567038,Тетерина Анжела Степановна,Оформлен,72941.20779582589
18-06-2026,376807004,Роман Валерьянович Крюков,Доставлен,70763.78366112361
18-06-2026,219609837,Татьяна Андреевна Медведева,Оформлен,17321.45599139552
18-06-2026,748960085,Шилов Селиверст Валерьянович,Доставлен,88768.70608309476
18-06-2026,276960388,Анна Ждановна Макарова,Оформлен,24286.250075786582
18-06-2026,732293185,Самойлова Юлия Филипповна,Оформлен,97898.20666510848
18-06-2026,345672245,Ананий Трифонович Фокин,Доставлен,57076.90853950009
18-06-2026,489733109,Сорокин Клавдий Якубович,В пути,14669.764359450282
18-06-2026,921003839,Синклитикия Вениаминовна Лебедева,В пути,39022.29682194762
18-06-2026,465423819,Константинов Константин Вячеславович,Доставлен,46266.40488215328
18-06-2026,281996192,Софон Даниилович Гришин,Оформлен,20142.198421486424
18-06-2026,366880952,Баранов Афанасий Игнатьевич,Доставлен,8944.547980332285
18-06-2026,968709898,Павлов Олимпий Гертрудович,Доставлен,39627.696577283044
18-06-2026,345672245,Марина Валентиновна Юдина,Оформлен,49849.3947009958
18-06-2026,465423819,Ксения Тимуровна Логинова,Доставлен,31283.504322572622
18-06-2026,764145802,Носов Игорь Изотович,Оформлен,62982.41835280112
18-06-2026,146182851,Данилова Пелагея Натановна,Доставлен,40932.50536846154
18-06-2026,345672245,Феоктист Брониславович Аксенов,Доставлен,1556.0062675582255
18-06-2026,724986652,Вадим Федосеевич Капустин,В пути,86538.75371208836
18-06-2026,537839130,Любовь Вадимовна Попова,Оформлен,12927.044187222618
18-06-2026,376807004,Епифан Филиппович Шашков,Оформлен,68636.35279929164
18-06-2026,143946419,Елисеев Фома Эдгарович,Оформлен,31719.266653147475
18-06-2026,419644863,Анна Вадимовна Кабанова,Доставлен,57836.28544151113
18-06-2026,529028395,Молчанова Прасковья Вадимовна,Оформлен,19135.051962964408
18-06-2026,143789809,Хохлов Борислав Тимурович,В пути,19758.93954827652
18-06-2026,203376018,Беляков Олег Иосифович,Доставлен,94856.054974054
18-06-2026,320131656,Костин Константин Ермилович,Оформлен,91072.58928659186
18-06-2026,955059478,Лихачева Милица Игоревна,Доставлен,56439.52779601734
18-06-2026,724811204,Ефрем Адрианович Лебедев,Оформлен,74179.40544852638
18-06-2026,571048485,Людмила Вениаминовна Капустина,Оформлен,40551.32948431088
18-06-2026,601043960,Логинова Евдокия Алексеевна,В пути,65346.77485741731
18-06-2026,867111104,Карпов Кир Ярославович,В пути,25663.392490881422
18-06-2026,683959364,Блохин Харлампий Власович,В пути,4153.606580720787
18-06-2026,548679921,Лыткин Яков Ильясович,Доставлен,98409.04438637478
18-06-2026,482922660,Анастасия Станиславовна Красильникова,Оформлен,49634.70889445925
18-06-2026,114504412,Белоусов Федот Демьянович,В пути,55485.471823638414
18-06-2026,143946419,Евгения Афанасьевна Гуляева,В пути,30674.74349656897
18-06-2026,586449208,Доронин Пахом Феодосьевич,Оформлен,49739.887302484465
18-06-2026,345672245,Милица Леоновна Потапова,Оформлен,71215.87338434998
18-06-2026,724986652,Панфилов Никандр Власович,Оформлен,86257.37853372568
18-06-2026,468004969,Панкрат Аверьянович Савельев,Доставлен,63907.35151264422
18-06-2026,465423819,Хохлова Пелагея Николаевна,Доставлен,33750.070431391156
18-06-2026,601043960,Милен Викентьевич Большаков,В пути,12926.939385001582
18-06-2026,985234320,Анжелика Ниловна Панова,В пути,78339.76338971019
18-06-2026,858149201,Эмиль Федосьевич Козлов,В пути,17915.68927679401
18-06-2026,376807004,Ангелина Аркадьевна Власова,Оформлен,41443.55678095849
18-06-2026,566560487,Соколов Эмиль Жоресович,Оформлен,56681.050317794805
18-06-2026,436939286,Надежда Николаевна Назарова,Оформлен,89593.3064004431
18-06-2026,903545025,Клавдия Тимофеевна Гусева,Доставлен,45888.3869238869
18-06-2026,828131438,Ладислав Владиленович Карпов,В пути,71162.20812656764
18-06-2026,281996192,Белякова Екатерина Рубеновна,Оформлен,86204.2734013776
18-06-2026,320131656,Бирюкова Вероника Тарасовна,В пути,91976.04013037382
18-06-2026,180278671,Костин Вячеслав Анатольевич,Оформлен,25559.95253257677
18-06-2026,584041348,Авдеева Валерия Макаровна,Доставлен,25995.27470728211
18-06-2026,683959364,Фёкла Антоновна Назарова,Доставлен,86044.70103331408
18-06-2026,724986652,Шашкова Фёкла Тимофеевна,Оформлен,51721.93714106103
18-06-2026,143789809,Севастьян Викентьевич Козлов,В пути,92972.54232395816
18-06-2026,968709898,Варвара Геннадиевна Шилова,Доставлен,76647.83078659113
18-06-2026,143789809,Марков Виссарион Алексеевич,В пути,9507.885038756742
18-06-2026,985234320,Блохина Жанна Михайловна,Доставлен,2847.7958482435897
18-06-2026,235386590,Куликов Виктор Александрович,Доставлен,52192.091530838894
18-06-2026,580567038,Наум Антонович Исаков,Оформлен,17074.3645180554
18-06-2026,586449208,Ангелина Артемовна Яковлева,В пути,77291.18652008269
18-06-2026,935943866,Семенова Агата Матвеевна,В пути,50175.88245253453
18-06-2026,828131438,Татьяна Андреевна Горбунова,Доставлен,61109.4148105047
18-06-2026,389522426,Ульяна Львовна Субботина,В пути,51129.13576429081
18-06-2026,968709898,Елизавета Мироновна Калашникова,Оформлен,50037.28238498318
18-06-2026,876567305,Олимпиада Архиповна Ефремова,В пути,61435.664436301566
18-06-2026,566560487,Ситников Сократ Елизарович,В пути,90821.99291517246
18-06-2026,537839130,Аверьян Аксёнович Быков,Оформлен,10464.452147606398
18-06-2026,761668111,Ершова Синклитикия Ильинична,Доставлен,26598.531747105622
18-06-2026,867111104,Фёкла Юрьевна Абрамова,В пути,2444.9168426856313
18-06-2026,592616397,Феврония Константиновна Уварова,В пути,98719.94207686692
18-06-2026,148822527,Тит Захарьевич Уваров,Доставлен,3382.313276500736
18-06-2026,724811204,Ефремов Софрон Борисович,В пути,37371.433213866876
18-06-2026,397474573,Жанна Артемовна Стрелкова,Оформлен,37330.06934033049
18-06-2026,435554374,Октябрина Феликсовна Максимова,Оформлен,91958.14642336889
18-06-2026,345672245,Медведева Ираида Ниловна,Оформлен,66159.312315407
18-06-2026,469459146,Лобанов Эдуард Герасимович,В пути,56038.04920891103
18-06-2026,548679921,Марфа Аскольдовна Макарова,Доставлен,64056.75260777602
18-06-2026,371160061,Михеева Виктория Тарасовна,В пути,51672.470020367735
18-06-2026,228272886,Мишина Раиса Афанасьевна,Оформлен,42178.57329037497
18-06-2026,769034649,Баранова Алла Игоревна,В пути,44275.271543956376
18-06-2026,138536627,Шашков Моисей Юльевич,В пути,98024.57618477833
18-06-2026,764145802,Баранов Творимир Исидорович,Доставлен,99563.12536584726
18-06-2026,761668111,Иванна Львовна Шашкова,Оформлен,85268.31631184927
18-06-2026,921003839,Лидия Андреевна Маркова,В пути,72967.38637432226
18-06-2026,381732894,Аристарх Георгиевич Щербаков,Оформлен,65185.404041462745
18-06-2026,284306522,Виктория Робертовна Зуева,В пути,92253.91289911541
18-06-2026,921003839,Ия Архиповна Моисеева,Доставлен,54244.36537019679
18-06-2026,228272886,Фока Ефимьевич Колесников,В пути,49613.73564834503
18-06-2026,537839130,Сократ Всеволодович Вишняков,В пути,81815.15549236904
18-06-2026,858149201,Григорьев Спартак Геннадиевич,Оформлен,84671.5916827439
18-06-2026,148822527,Анжелика Андреевна Ширяева,Доставлен,74113.58171505171
18-06-2026,143946419,Симон Абрамович Бобылев,Оформлен,12625.65707996885
18-06-2026,509493509,Фотий Чеславович Овчинников,Оформлен,72922.94256542456
18-06-2026,657918299,Феофан Владиславович Носов,В пути,23973.129974501262
18-06-2026,489733109,Вячеслав Ефимьевич Лихачев,В пути,47990.55366557268
18-06-2026,657918299,Майя Аркадьевна Горбунова,В пути,1233.6012076771149
18-06-2026,376807004,Агафья Александровна Орехова,Доставлен,31912.490590750658
18-06-2026,397474573,Александра Рубеновна Андреева,Оформлен,75017.57882664129
18-06-2026,284306522,Фадеева Иванна Макаровна,Доставлен,71640.0572137524
18-06-2026,832571602,Светозар Артёмович Павлов,Доставлен,1321.0241683023619
18-06-2026,389522426,Маргарита Даниловна Тимофеева,В пути,13829.422541920227
18-06-2026,482922660,Ангелина Антоновна Белова,Доставлен,83838.98000325155
18-06-2026,215508801,Ермаков Парамон Августович,Доставлен,27641.12939266827
18-06-2026,281996192,Денисов Силантий Харитонович,В пути,49030.25702399097
18-06-2026,580567038,Ким Виленович Терентьев,Оформлен,58806.511863451706
18-06-2026,683959364,Носков Соломон Иосипович,Оформлен,1703.6321262599774
18-06-2026,419644863,Семенов Константин Федосьевич,Доставлен,93767.43532068451
18-06-2026,529028395,тов. Филиппов Степан Трифонович,Оформлен,44528.36538739305
18-06-2026,683959364,Оксана Макаровна Воронцова,Оформлен,89553.03274587433
18-06-2026,366880952,Софон Изотович Ефимов,Оформлен,55406.18960381138
18-06-2026,203376018,Галкина Ираида Валентиновна,Доставлен,88274.99669440457
18-06-2026,832571602,г-н Королев Лавр Виленович,Оформлен,36947.08768898471
18-06-2026,636280264,Зимин Аркадий Адрианович,В пути,7266.813622415092
18-06-2026,658880482,Соболева Майя Леоновна,Оформлен,24937.585975956925
18-06-2026,247400428,Колесников Степан Адамович,Доставлен,8565.430750416512
18-06-2026,985234320,Колесников Данила Трофимович,Доставлен,77833.22175355829
18-06-2026,276960388,Пелагея Яковлевна Капустина,Доставлен,54276.489820977884
18-06-2026,465423819,Вера Сергеевна Кузьмина,В пути,32766.574193968463
18-06-2026,706032323,Воробьева Акулина Артемовна,Доставлен,69897.1646320719
18-06-2026,764145802,Синклитикия Натановна Щербакова,В пути,91345.81923505855
18-06-2026,867111104,Голубева Тамара Робертовна,Доставлен,20921.42850989808
18-06-2026,105136881,Виноградова Иванна Святославовна,Оформлен,1906.8315388113494
18-06-2026,828131438,Мечислав Матвеевич Никифоров,Оформлен,30656.734897127993
18-06-2026,995594378,София Романовна Тихонова,В пути,71252.4201997557
18-06-2026,389522426,Семен Давыдович Воронов,Доставлен,60466.997312279615
18-06-2026,261636666,Ия Алексеевна Фокина,В пути,54049.34568179968
18-06-2026,560979040,Исаков Феоктист Еремеевич,Доставлен,66056.58073265901
18-06-2026,913146977,Таисия Михайловна Савельева,В пути,3313.1938711745133
18-06-2026,281996192,Евдокия Эдуардовна Афанасьева,В пути,84061.4888117547
18-06-2026,180278671,Анастасия Вячеславовна Горбачева,В пути,84999.91029079983
18-06-2026,148822527,Мухин Андроник Елисеевич,В пути,8147.463240683897
18-06-2026,968709898,Куликов Сигизмунд Игоревич,Оформлен,95981.58398310337
18-06-2026,235386590,Феликс Бориславович Молчанов,Доставлен,32182.28501890993
18-06-2026,389522426,Герман Жоресович Бобылев,В пути,92243.37858692484
18-06-2026,706032323,Флорентин Артёмович Коновалов,В пути,95765.65254208939
18-06-2026,724811204,Лихачева Вероника Филипповна,В пути,50547.60029789837
18-06-2026,724811204,Семенова Валерия Юрьевна,Оформлен,38372.081851328156
18-06-2026,921003839,Радислав Арсеньевич Сидоров,Оформлен,14134.25620761994
18-06-2026,955059478,Ширяева Евфросиния Ивановна,В пути,48727.06567338071
18-06-2026,247400428,Никон Анатольевич Емельянов,Оформлен,14472.36025118207
18-06-2026,138536627,Аким Васильевич Овчинников,В пути,1699.5057288862931
18-06-2026,138536627,Сидор Анисимович Ефимов,Доставлен,33063.00687528061
18-06-2026,371160061,Третьяков Родион Венедиктович,В пути,7550.878613828319
18-06-2026,235950780,Павлова Пелагея Яковлевна,Доставлен,36278.47801715123
18-06-2026,838416123,Евгения Ивановна Молчанова,В пути,55350.24755916996
18-06-2026,537839130,Лобанов Поликарп Еремеевич,В пути,26970.3771356246
18-06-2026,524396013,Хохлова Анжелика Юльевна,Оформлен,39670.979099572105
18-06-2026,203376018,тов. Титов Михей Викторович,Оформлен,75006.63527766528
18-06-2026,765546493,Носков Зиновий Зиновьевич,Доставлен,8653.097141542996
18-06-2026,706032323,Куприян Тихонович Некрасов,Доставлен,94244.21000029231
18-06-2026,345672245,Фокин Всеволод Евстигнеевич,Доставлен,2712.587498416473
18-06-2026,234189725,тов. Дмитриева Милица Тимофеевна,Оформлен,55925.26909816502
18-06-2026,970456354,Агата Кирилловна Денисова,Доставлен,35904.732287783976
18-06-2026,448000223,Эмилия Вениаминовна Тихонова,В пути,50487.24695350932
18-06-2026,985234320,Тарасов Федот Адамович,Доставлен,2161.0876945206137
18-06-2026,234189725,Козлов Парамон Дмитриевич,Доставлен,18271.637353134774
18-06-2026,143789809,Голубева Анастасия Архиповна,Доставлен,67361.85696673018
18-06-2026,509493509,Василий Германович Котов,В пути,48673.295973726636
18-06-2026,469459146,Гришина Феврония Владиславовна,В пути,86153.38162217748
18-06-2026,261636666,Адриан Давыдович Сазонов,В пути,21592.286500348746
18-06-2026,968709898,Гущина Наина Аркадьевна,В пути,80856.74340066352
18-06-2026,560979040,Уваров Селиверст Ермолаевич,В пути,65967.51501032956
18-06-2026,247400428,Пелагея Тимофеевна Михеева,В пути,73149.62445422632
18-06-2026,769034649,Акулина Анатольевна Ларионова,В пути,66188.11985770163
18-06-2026,187875174,тов. Козлов Мартьян Антипович,В пути,23022.574661564875
18-06-2026,397474573,Пономарев Матвей Даниилович,Оформлен,95019.42777042987
18-06-2026,436939286,Никон Аверьянович Воронов,Оформлен,28781.971956159294
18-06-2026,320131656,Кононова Олимпиада Матвеевна,Оформлен,89998.29472070115
18-06-2026,983237692,Александра Болеславовна Якушева,В пути,81959.97561614162
18-06-2026,234189725,Терентий Гертрудович Дроздов,Оформлен,60138.641416097766
18-06-2026,543241665,Исаев Касьян Фокич,Оформлен,26219.74053422102
18-06-2026,537839130,Сафонова Фаина Тимофеевна,Оформлен,72881.75658679043
18-06-2026,765546493,Нинель Вениаминовна Орехова,Оформлен,74118.69764399732
18-06-2026,448000223,Ковалев Якуб Гертрудович,В пути,64812.70061446494
18-06-2026,345672245,Тихонов Парфен Елизарович,Оформлен,98976.63303587736
18-06-2026,482026027,Мир Васильевич Марков,Доставлен,59629.71478898066
18-06-2026,281996192,Нина Оскаровна Никифорова,Доставлен,80714.29257119879
18-06-2026,482026027,Лаврентьева Евфросиния Алексеевна,Оформлен,28339.95590209996
18-06-2026,858149201,Волков Моисей Харлампович,В пути,96835.13736204301
18-06-2026,784212533,Таисия Геннадьевна Емельянова,Оформлен,51264.290511624175
18-06-2026,389522426,Святослав Тарасович Большаков,Оформлен,3374.6684453490775
18-06-2026,995594378,Наталья Аркадьевна Самсонова,Оформлен,30662.00546123453
18-06-2026,724986652,Богданов Валерий Валентинович,В пути,29588.08328901149
18-06-2026,543241665,Людмила Богдановна Белозерова,Оформлен,18694.048835216425
18-06-2026,148822527,Сысоев Дорофей Устинович,Доставлен,5620.391332579704
18-06-2026,146182851,Мухин Терентий Вячеславович,Доставлен,92371.41899271467
18-06-2026,985234320,Милица Натановна Веселова,Доставлен,90544.30953546925
18-06-2026,146182851,Матвеева Марина Андреевна,Доставлен,54896.06211705823
18-06-2026,397474573,Зоя Дмитриевна Панфилова,Оформлен,54835.63872831165
18-06-2026,436939286,Баранова Маргарита Кузьминична,Доставлен,8776.20437703746
18-06-2026,765546493,Оксана Макаровна Миронова,Оформлен,12911.350343829947
18-06-2026,397474573,Карпов Назар Викентьевич,Оформлен,56110.73244292131
18-06-2026,537839130,Елена Оскаровна Егорова,В пути,77296.25935353806
18-06-2026,245603434,Власов Серафим Якубович,Доставлен,37221.47467954975
18-06-2026,215508801,Тетерин Станислав Владленович,Оформлен,23755.561005184933
18-06-2026,435554374,Романов Афанасий Валерьевич,Оформлен,4497.416194883124
18-06-2026,371160061,Кузьмина Александра Федоровна,Оформлен,26662.186240331655
18-06-2026,636280264,Моисей Валерьевич Васильев,Доставлен,31521.70069772914
18-06-2026,761668111,Прохоров Георгий Егорович,Доставлен,20427.486219297214
18-06-2026,548679921,Конон Феофанович Ефремов,В пути,79572.19851148211
18-06-2026,245251768,Зыкова Зинаида Рудольфовна,Оформлен,89499.4034366896
18-06-2026,215508801,Петров Евлампий Эдгардович,Доставлен,68645.45473802097
18-06-2026,935943866,Симон Августович Константинов,Доставлен,5678.158104819417
18-06-2026,261636666,Блинова Анастасия Вадимовна,Оформлен,47915.37007994587
18-06-2026,903545025,Филарет Ефимович Шаров,В пути,35856.933422890696
18-06-2026,706032323,Осип Ильясович Гаврилов,Доставлен,61149.276925452126
18-06-2026,143946419,Григорьева Елизавета Тимуровна,Доставлен,48802.13763273937
18-06-2026,548679921,Крылова Валерия Валериевна,Доставлен,4319.464793538609
18-06-2026,366880952,Аверкий Юльевич Никонов,Оформлен,56222.10229471556
18-06-2026,863851691,Сысоев Ратмир Фокич,Доставлен,46273.534245314026
18-06-2026,592616397,Горбунова Валентина Федоровна,В пути,81640.26026705625
18-06-2026,995594378,Агата Захаровна Быкова,Оформлен,33171.90979998733
18-06-2026,718893363,Крылова Тамара Львовна,Доставлен,96372.38437335783
18-06-2026,985234320,Геннадий Григорьевич Третьяков,Оформлен,8609.408033961165
18-06-2026,903545025,Эрнест Данилович Кулагин,Доставлен,29544.445151511678
18-06-2026,376807004,Соболева Эмилия Святославовна,Доставлен,97432.18370050561
18-06-2026,968709898,Авксентий Артемьевич Павлов,В пути,29408.016899023136
18-06-2026,341781440,Вацлав Ермилович Захаров,В пути,41581.27973339052
18-06-2026,828131438,Михайлова Елена Тарасовна,В пути,60874.947284889495
18-06-2026,368530528,Акулина Антоновна Попова,В пути,34085.62091015373
18-06-2026,194897856,Воробьев Христофор Эдгарович,В пути,24189.490944249224
18-06-2026,903545025,Пахомова Анна Ниловна,В пути,96783.59818107465
18-06-2026,245251768,Виссарион Яковлевич Рябов,Доставлен,74911.6929419798
18-06-2026,769034649,Лаврентьева Светлана Филипповна,Оформлен,13245.823935078131
18-06-2026,448000223,Евгения Олеговна Шарова,Оформлен,79804.05575807489
18-06-2026,345672245,Вышеслав Евстигнеевич Лаврентьев,В пути,69914.71804269032
18-06-2026,683959364,Антонова Клавдия Робертовна,В пути,98927.07483232378
18-06-2026,985234320,Ерофей Измаилович Красильников,В пути,86124.78964948589
18-06-2026,543241665,Юдин Лаврентий Валерьянович,В пути,20380.086401075347
18-06-2026,983237692,Сысоев Любомир Афанасьевич,Доставлен,9539.252470996718
18-06-2026,281996192,Марина Вениаминовна Анисимова,В пути,71255.11500333091
18-06-2026,748960085,Исаев Агап Валерианович,В пути,23626.50719593315
18-06-2026,261636666,Евграф Афанасьевич Виноградов,Оформлен,29981.865329344106
18-06-2026,935943866,Лариса Артемовна Пестова,Оформлен,64949.6265827865
18-06-2026,247400428,Селезнев Всеволод Ярославович,Оформлен,36592.88275841321
18-06-2026,592616397,Наумова Оксана Ефимовна,Оформлен,14418.477578395665
18-06-2026,854089167,тов. Лапина Алла Егоровна,Доставлен,23954.72495450861
18-06-2026,341781440,Ксения Егоровна Соловьева,Доставлен,35460.83006946514
18-06-2026,748960085,Сократ Данилович Шашков,Оформлен,93142.8828607924
18-06-2026,281996192,Евпраксия Робертовна Константинова,В пути,16226.145407860244
18-06-2026,245603434,Михеева Анжела Эдуардовна,В пути,1467.2825114922875
18-06-2026,955059478,Рыбакова Клавдия Григорьевна,Оформлен,70543.37429456341
18-06-2026,194897856,Аскольд Данилович Назаров,В пути,33139.27202290348
18-06-2026,143789809,Анисимова Вера Валериевна,Доставлен,98205.58162428155
18-06-2026,828131438,Фёкла Максимовна Вишнякова,Оформлен,57484.19169466784
18-06-2026,921003839,Лаврентьев Федор Дмитриевич,Доставлен,4636.693439236573
18-06-2026,235386590,Кириллов Ярослав Фролович,Оформлен,41323.724732359115
18-06-2026,194897856,Фомин Лавр Филимонович,В пути,78181.3569303567
18-06-2026,228272886,Иннокентий Демьянович Тетерин,Доставлен,43129.35633751711
18-06-2026,584041348,Эмилия Владиславовна Рогова,Оформлен,2590.547921370885
18-06-2026,863851691,Тамара Владимировна Якушева,Оформлен,32821.02572437764
18-06-2026,215508801,Чернова Нонна Юрьевна,Доставлен,22308.763741900897
18-06-2026,376807004,Ксения Аскольдовна Воронцова,Оформлен,20731.82111902534
18-06-2026,761668111,Герасимов Лев Ермолаевич,Оформлен,58018.77785730119
18-06-2026,320131656,Романова Оксана Макаровна,Доставлен,84765.94546107473
18-06-2026,769034649,Лебедева Таисия Антоновна,В пути,66218.33418883788
18-06-2026,718893363,Феоктист Гавриилович Анисимов,В пути,24861.05668840328
18-06-2026,180278671,Маслов Амвросий Ермилович,В пути,57998.574930079456
18-06-2026,247400428,Гусев Юрий Игоревич,Доставлен,29933.293493881338
18-06-2026,366880952,Сазонов Савватий Брониславович,Оформлен,24029.059499796727
18-06-2026,955059478,Фомин Евлампий Фролович,Доставлен,28902.584026765897
18-06-2026,414676753,Николаева Полина Аркадьевна,Оформлен,91919.94807959156
18-06-2026,203376018,Виктория Борисовна Карпова,В пути,77549.8166274624
18-06-2026,389522426,Варлаам Ермилович Сорокин,В пути,83173.32338162862
18-06-2026,235386590,Лебедева Евгения Александровна,В пути,23055.959765984422
18-06-2026,143789809,Гуляева Марина Александровна,Доставлен,69565.11080418393
18-06-2026,397474573,Евфросиния Кузьминична Белозерова,Оформлен,54103.44810446461
18-06-2026,245603434,Соломон Чеславович Третьяков,Доставлен,27407.574181159584
18-06-2026,368530528,Руслан Валерианович Гущин,Доставлен,82665.34047130031
18-06-2026,367814452,Коновалова Кира Болеславовна,Доставлен,20458.304108850472
18-06-2026,194897856,Орехова Марфа Никифоровна,В пути,65459.25572620988
18-06-2026,983237692,Евфросиния Геннадьевна Шилова,В пути,18165.24274465236
18-06-2026,187875174,г-н Власов Елисей Устинович,Доставлен,2258.0449365080067
18-06-2026,571048485,Алина Захаровна Соболева,В пути,87108.63865083586
18-06-2026,876567305,Зыкова Феврония Тарасовна,Оформлен,77489.25115864242
18-06-2026,489733109,Ермакова Евдокия Сергеевна,Оформлен,74644.94534167842
18-06-2026,143946419,Любосмысл Дмитриевич Агафонов,Оформлен,3051.5147577566117
18-06-2026,658880482,Таисия Евгеньевна Казакова,В пути,52974.37387386913
18-06-2026,234189725,Блохина Фёкла Валериевна,В пути,67658.92002608391
18-06-2026,143789809,Ефремов Степан Евсеевич,В пути,38163.52251986581
18-06-2026,187875174,Герасимова Дарья Александровна,Оформлен,83322.93977565711
18-06-2026,657918299,Миронова Марина Николаевна,Доставлен,45770.07021859049
18-06-2026,764145802,Кулаков Силантий Ермилович,Оформлен,33581.52177195384
18-06-2026,489733109,Горшков Самуил Арсеньевич,Доставлен,86204.44159639347
18-06-2026,543241665,тов. Калашникова Ульяна Максимовна,Оформлен,67809.52670610881
18-06-2026,596755786,Суворов Борислав Тимурович,В пути,6321.594589299602
18-06-2026,769034649,Таисия Рудольфовна Кириллова,Доставлен,42361.705819385774
18-06-2026,913146977,Алексеев Аркадий Филимонович,Доставлен,28737.164890318178
18-06-2026,524396013,Азарий Анатольевич Фролов,Оформлен,22416.233892292294
18-06-2026,509493509,Елисеев Петр Игоревич,Оформлен,14279.440494212671
18-06-2026,138536627,Нина Геннадиевна Ковалева,Оформлен,19165.860781287665
18-06-2026,889223551,Николаев Тихон Фокич,Оформлен,1503.5935737596837
18-06-2026,935943866,Константин Георгиевич Кононов,Доставлен,81769.13402281624
18-06-2026,381732894,Раиса Федоровна Кулакова,Доставлен,53921.66168831016
18-06-2026,276960388,Соколова Екатерина Романовна,В пути,31096.2057066891
18-06-2026,566560487,Зосима Филиппович Тарасов,В пути,64521.170781914385
18-06-2026,435554374,Сергеев Клавдий Ильясович,Оформлен,87195.99498087111
18-06-2026,468004969,Синклитикия Эдуардовна Дроздова,Оформлен,87424.88034405869
18-06-2026,284306522,Горбачев Дорофей Тимурович,Оформлен,57263.45705019631
18-06-2026,983237692,Лыткина Валерия Макаровна,Доставлен,17016.417842135706
18-06-2026,592616397,Элеонора Георгиевна Суворова,Доставлен,28754.513594987653
18-06-2026,876567305,Ратмир Антонович Кулаков,Доставлен,15417.531514553639
18-06-2026,889223551,Антонов Богдан Харитонович,Оформлен,26335.83421139982
18-06-2026,328798264,Акулина Альбертовна Устинова,В пути,21025.973559840575
18-06-2026,584041348,Аверьян Матвеевич Давыдов,В пути,69978.78067159488
18-06-2026,368530528,Екатерина Михайловна Щербакова,Доставлен,94748.86739409599
18-06-2026,921003839,Белоусов Виссарион Валерьянович,В пути,93586.482545732
18-06-2026,436939286,Нестор Владиленович Дьячков,Доставлен,32412.458652363304
18-06-2026,146182851,Миронов Софон Данилович,Доставлен,66335.06013737214
18-06-2026,276960388,Силантий Афанасьевич Жуков,Доставлен,72823.03159035902
18-06-2026,718893363,Ермолай Харламович Уваров,Доставлен,64195.88518198263
18-06-2026,718893363,Сазонов Олег Феофанович,Оформлен,49683.0937146636
18-06-2026,228272886,Клавдий Аверьянович Комиссаров,В пути,6011.472533443193
18-06-2026,560979040,Кулагина Любовь Афанасьевна,Оформлен,9634.004126030604
18-06-2026,838416123,Андрей Жанович Блинов,Доставлен,87370.12000035675
18-06-2026,397474573,Святополк Елизарович Гуляев,Доставлен,84768.21608839276
18-06-2026,397474573,Кудрявцева Феврония Петровна,Оформлен,13504.865783373609
18-06-2026,791028594,Исай Тарасович Кабанов,Доставлен,55008.41681112477
18-06-2026,284306522,Вишнякова Октябрина Константиновна,Доставлен,79176.38431929506
18-06-2026,320131656,Регина Ильинична Миронова,В пути,74006.04287992598
18-06-2026,215508801,Ия Аскольдовна Герасимова,Доставлен,86726.96923977247
18-06-2026,658880482,Стрелков Сидор Григорьевич,В пути,27243.830157841592
18-06-2026,345672245,Дарья Васильевна Захарова,Доставлен,84744.91129445264
18-06-2026,341781440,Ефремова Клавдия Макаровна,Оформлен,14690.92594753393
18-06-2026,489733109,Иванна Олеговна Баранова,В пути,83153.93495714013
18-06-2026,955059478,Степанов Ерофей Вячеславович,Доставлен,54920.59251962216
18-06-2026,371160061,Терентий Фомич Осипов,Оформлен,96175.2211571963
18-06-2026,828131438,Фокин Ефим Ефремович,Доставлен,50665.21898142248
18-06-2026,983237692,Анастасия Яковлевна Морозова,Доставлен,54024.8492360844
18-06-2026,203376018,Фока Борисович Колесников,Оформлен,24019.119384580914
18-06-2026,970456354,Ксения Феликсовна Белякова,Доставлен,97463.0090697017
18-06-2026,876567305,Никандр Игоревич Прохоров,Доставлен,16686.7855016514
18-06-2026,913146977,Фаина Федоровна Савельева,Доставлен,39377.10514357915
18-06-2026,601043960,Наумова Виктория Георгиевна,В пути,75757.92268678492
18-06-2026,105136881,Галина Ивановна Ковалева,В пути,6868.306910541155
18-06-2026,968709898,Селиверстов Никанор Вилорович,Оформлен,85007.94813857002
18-06-2026,276960388,Аггей Тимурович Колесников,Доставлен,72114.33002253609
18-06-2026,543241665,Зайцева Ульяна Игоревна,Доставлен,19835.730031757383
18-06-2026,114504412,Алла Эдуардовна Тарасова,Доставлен,73043.19332886991
18-06-2026,235386590,Нестерова Агафья Валериевна,В пути,2552.4633102990056
18-06-2026,469459146,Горбунова Евгения Борисовна,Доставлен,80076.35732878179
18-06-2026,138536627,Доронин Софон Ярославович,Доставлен,99500.37877817162
18-06-2026,985234320,Мечислав Владиславович Беспалов,Оформлен,44286.96805439541
18-06-2026,889223551,Тетерина Ия Эльдаровна,Доставлен,78921.47901879119
18-06-2026,724811204,Вышеслав Августович Журавлев,Оформлен,54046.878331969034
18-06-2026,832571602,Белозерова Маргарита Игоревна,Доставлен,13953.088327753334
18-06-2026,419644863,Кузнецов Андрей Филиппович,В пути,85366.12868946535
18-06-2026,765546493,Потап Якубович Стрелков,Оформлен,50732.86978730289
18-06-2026,863851691,Алла Борисовна Смирнова,Оформлен,26658.486529825946
18-06-2026,371160061,Марк Вячеславович Рожков,Доставлен,96353.88800989719
18-06-2026,235386590,Селиверстова Зинаида Мироновна,Оформлен,49321.03965383214
18-06-2026,985234320,Евфросиния Александровна Полякова,В пути,77118.69997388021
18-06-2026,247400428,Олимпиада Вячеславовна Никонова,Оформлен,38931.83637403565
18-06-2026,381732894,Кулакова Александра Рубеновна,Оформлен,15987.657586080379
18-06-2026,732293185,Изот Иларионович Рыбаков,Доставлен,97201.95228701155
18-06-2026,903545025,Флорентин Ааронович Красильников,Доставлен,15797.051532897169
18-06-2026,732293185,Евстигней Теймуразович Пономарев,Доставлен,13707.596735929079
18-06-2026,761668111,Святополк Адрианович Горшков,В пути,99107.80589995893
18-06-2026,584041348,Зосима Ильич Николаев,Доставлен,56100.66784642653
18-06-2026,368530528,Анна Валентиновна Елисеева,Доставлен,16166.56032132094
18-06-2026,985234320,Васильев Федот Аксёнович,Оформлен,38669.399361663236
18-06-2026,469459146,Никон Ефимьевич Морозов,В пути,39772.21791338193
18-06-2026,345672245,Клавдия Егоровна Копылова,Оформлен,33146.23146093104
18-06-2026,889223551,Октябрина Богдановна Красильникова,Доставлен,98190.74331974584
18-06-2026,983237692,Жданова Майя Аркадьевна,Оформлен,57150.339675300085
18-06-2026,235386590,Викентий Измаилович Блохин,Доставлен,65673.56607425863
18-06-2026,235386590,Ершова Прасковья Григорьевна,Оформлен,93836.04022310914
18-06-2026,903545025,Киселева Екатерина Тарасовна,В пути,33220.1563526345
18-06-2026,724811204,Попова Антонина Робертовна,Доставлен,13854.261662868934
18-06-2026,548679921,Доронина Марфа Богдановна,В пути,61145.74068655551
18-06-2026,341781440,Стрелкова Екатерина Семеновна,Доставлен,29419.76535269224
18-06-2026,187875174,Кондратий Антипович Владимиров,Доставлен,70495.11109335024
18-06-2026,381732894,Лукьян Артёмович Савин,Доставлен,21473.08237521397
18-06-2026,584041348,Наумов Спиридон Гавриилович,Доставлен,99883.04385790702
18-06-2026,584041348,Титов Любосмысл Якубович,Оформлен,91266.28709889263
18-06-2026,194897856,Галина Филипповна Носова,В пути,69058.38842577113
18-06-2026,529028395,Зайцев Аполлон Геннадиевич,Оформлен,40230.4356999385
18-06-2026,455083511,Елена Вениаминовна Афанасьева,Доставлен,91168.08928069951
18-06-2026,863851691,Ильин Архип Вячеславович,В пути,84998.2296649722
18-06-2026,367814452,Акулина Аркадьевна Голубева,В пути,28534.759184744755
18-06-2026,345672245,Станимир Аксёнович Козлов,Доставлен,87169.208008508
18-06-2026,203376018,Кулаков Феофан Игнатович,В пути,4003.8963542060583
18-06-2026,537839130,Шестаков Федор Андреевич,В пути,14829.448100037325
18-06-2026,341781440,Корнилов Поликарп Чеславович,В пути,63970.599881529095
18-06-2026,482026027,Калашникова Лариса Матвеевна,В пути,49438.458565071465
18-06-2026,863851691,Моисеев Аристарх Харитонович,Доставлен,19478.10801674974
18-06-2026,657918299,Романова Ангелина Александровна,Оформлен,26855.83913346947
18-06-2026,146182851,Бирюков Лев Иосифович,В пути,81734.31975943776
18-06-2026,586449208,Блохин Олимпий Владленович,В пути,88153.88744460477
18-06-2026,784212533,Гедеон Иларионович Дроздов,Оформлен,20116.206509334806
18-06-2026,203376018,Елисеева Лариса Ильинична,Доставлен,50909.2855190376
18-06-2026,854089167,Захаров Карп Виленович,Доставлен,92710.95825614504
18-06-2026,235386590,Панфилова Прасковья Юльевна,Оформлен,56413.74381534158
18-06-2026,180278671,Дорофеев Аскольд Федосеевич,В пути,18831.12458516701
18-06-2026,371160061,Синклитикия Кузьминична Гусева,Оформлен,4494.733327257918
18-06-2026,913146977,Евфросиния Святославовна Новикова,Доставлен,18893.86030854604
18-06-2026,419644863,Воронцова Варвара Ильинична,Оформлен,50593.44715972075
18-06-2026,584041348,Ираида Вадимовна Воробьева,Оформлен,6527.368784597009
18-06-2026,320131656,Мария Константиновна Яковлева,В пути,36685.13981451732
18-06-2026,187875174,Нестеров Никандр Валерианович,Доставлен,21930.766266401286
18-06-2026,566560487,Авдеева Марина Олеговна,В пути,96813.4597688576
18-06-2026,215508801,Кудрявцев Ярослав Алексеевич,Оформлен,43037.00039404334
18-06-2026,913146977,Евдокимов Карл Викторович,Доставлен,23664.860662103256
18-06-2026,219609837,Майя Викторовна Ефимова,В пути,4270.021352189908
18-06-2026,537839130,Блохин Владлен Антипович,Доставлен,21002.9271042175
18-06-2026,596988919,Цветков Нестор Захарьевич,В пути,73537.97987698736
18-06-2026,203376018,Пахомов Исидор Андреевич,Доставлен,90857.55808158313
18-06-2026,784212533,Фотий Тимурович Гущин,Оформлен,98585.96581396344
18-06-2026,683959364,Шашков Игнатий Бориславович,Оформлен,36006.774304805964
18-06-2026,995594378,Рябов Федосий Елисеевич,В пути,53139.66440496119
18-06-2026,935943866,Елисеев Кондрат Измаилович,Оформлен,20981.388333980834
18-06-2026,524396013,Прохор Юлианович Медведев,В пути,96511.49138348366
18-06-2026,419644863,Некрасов Прохор Вячеславович,Доставлен,33437.73701322544
18-06-2026,436939286,тов. Мишин Анисим Гурьевич,В пути,76983.9777972495
18-06-2026,435554374,Марфа Захаровна Макарова,Доставлен,78311.41135622852
18-06-2026,584041348,Фотий Артёмович Пономарев,Доставлен,26961.263959553864
18-06-2026,636280264,Александра Геннадиевна Мишина,Доставлен,22653.034796902153
18-06-2026,913146977,Мечислав Зиновьевич Васильев,Доставлен,88720.15778137164
18-06-2026,235950780,Боян Федосеевич Рогов,В пути,22333.615970928317
18-06-2026,381732894,Максимильян Яковлевич Осипов,Оформлен,24436.969728567077
18-06-2026,389522426,Никон Ерофеевич Беспалов,В пути,52267.61303457897
18-06-2026,828131438,Авдеева Глафира Ждановна,Оформлен,60131.529800951605
18-06-2026,455083511,Зиновьева Лора Харитоновна,Оформлен,45272.71049699103
18-06-2026,791028594,Регина Павловна Никитина,В пути,4788.911496363763
18-06-2026,995594378,г-н Гуляев Вячеслав Фролович,В пути,61811.75267523956
18-06-2026,586449208,Колобов Мариан Тихонович,Оформлен,88174.96433337197
18-06-2026,381732894,Овчинников Стоян Якубович,В пути,14218.634635896835
18-06-2026,985234320,Рубен Денисович Медведев,В пути,60865.33535902105
18-06-2026,341781440,Таисия Ниловна Белозерова,Доставлен,36007.429749354655
18-06-2026,776276692,Анна Георгиевна Ильина,В пути,39934.5956284577
18-06-2026,366880952,Парамон Гертрудович Громов,Доставлен,62873.65101186668
18-06-2026,187875174,Аверкий Изотович Артемьев,В пути,38879.13690275774
18-06-2026,601043960,Пелагея Тимуровна Меркушева,Доставлен,7643.37953945117
18-06-2026,863851691,Анатолий Гаврилович Пестов,В пути,47136.64042718506
18-06-2026,419644863,Смирнова Надежда Филипповна,В пути,31299.503093773295
18-06-2026,560979040,Елизар Игнатович Степанов,В пути,95359.29873136271
18-06-2026,436939286,Галактион Харитонович Бобров,Оформлен,79313.01659173716
18-06-2026,769034649,Юлия Макаровна Зайцева,Оформлен,24103.102365934534
18-06-2026,469459146,Никон Егорович Мухин,В пути,40114.18802542455
18-06-2026,524396013,Олег Гаврилович Логинов,В пути,1285.2391047033384
18-06-2026,235386590,Семенов Кузьма Бенедиктович,Оформлен,16511.260098655704
18-06-2026,389522426,Евфросиния Леоновна Пестова,Доставлен,60898.18114754548
18-06-2026,465423819,Анисимова Марфа Аскольдовна,Доставлен,1178.8726738039109
18-06-2026,482922660,Панкрат Геннадиевич Зайцев,Доставлен,28030.830896814176
18-06-2026,560979040,Евдокия Геннадьевна Лазарева,Доставлен,61146.75456062029
18-06-2026,970456354,Брагина Наина Васильевна,В пути,61795.897851730304
18-06-2026,548679921,Романов Руслан Григорьевич,Оформлен,15816.505292865337
18-06-2026,247400428,Евдокия Константиновна Родионова,Доставлен,65394.6534385125
18-06-2026,284306522,Ольга Романовна Артемьева,Доставлен,70948.57035682503
18-06-2026,983237692,Кириллов Мина Эдгарович,Доставлен,73468.85663347623
18-06-2026,148822527,Анна Львовна Колобова,В пути,59275.66503390318
18-06-2026,261636666,Аскольд Бориславович Блохин,Доставлен,86892.46929550108
18-06-2026,381732894,Екатерина Игоревна Яковлева,Доставлен,76227.50103905884
18-06-2026,509493509,Флорентин Владленович Александров,Доставлен,96890.6273771708
18-06-2026,397474573,Исаев Азарий Дмитриевич,Доставлен,23108.32995895973
18-06-2026,367814452,Рогов Остап Адрианович,В пути,22477.042776020924
18-06-2026,215508801,Устинов Арефий Дмитриевич,В пути,15452.716287234136
18-06-2026,234189725,Федоров Петр Валерьянович,Доставлен,92573.80605600016
18-06-2026,489733109,Марина Робертовна Трофимова,Доставлен,93599.72362178178
18-06-2026,148822527,Носкова Светлана Николаевна,В пути,81734.25672428805
18-06-2026,435554374,Юлиан Зиновьевич Лыткин,В пути,35772.71388167744
18-06-2026,858149201,Пров Федосеевич Мамонтов,Доставлен,88737.3030092338
18-06-2026,235950780,Горшкова Жанна Эдуардовна,В пути,69027.08709567049
18-06-2026,657918299,Игнатов Вячеслав Аверьянович,Доставлен,57872.183389847814
18-06-2026,524396013,Федотова Лукия Даниловна,Доставлен,51967.327848807
18-06-2026,245251768,Захарова Анна Афанасьевна,В пути,973.5029419066307
18-06-2026,838416123,Акулина Степановна Дмитриева,Оформлен,82689.04193053357
18-06-2026,235950780,Кошелева Ангелина Леонидовна,В пути,81655.6516054187
18-06-2026,748960085,Наина Леонидовна Силина,В пути,82302.55810560338
18-06-2026,765546493,Аркадий Еремеевич Шестаков,Оформлен,12133.921291089928
18-06-2026,371160061,Павлова Лукия Семеновна,Доставлен,86339.1891603542
18-06-2026,524396013,Милен Алексеевич Лихачев,Доставлен,4639.922838389565
18-06-2026,194897856,Артемий Жоресович Алексеев,Оформлен,62947.85361696585
18-06-2026,203376018,Фаина Геннадиевна Беспалова,В пути,21886.26135520761
